Sigla,Valor,Unidade,Mês,Ano,Cidade,IBGE
IN200,55.42,percentual,1,2023,AREIA DE BARAÚNAS,2501153
IN200,50.78,percentual,1,2023,BOM SUCESSO,2502300
IN200,121.34,percentual,1,2023,CAMPINA GRANDE,2504009
IN200,46.90,percentual,1,2023,CAPIM,2504033
IN200,131.26,percentual,1,2023,JOÃO PESSOA,2507507
IN200,82.59,percentual,1,2023,OURO VELHO,2510600
IN200,1.22,percentual,1,2023,PATOS,2510808
IN200,55.72,percentual,2,2023,AREIA DE BARAÚNAS,2501153
IN200,50.78,percentual,2,2023,BOM SUCESSO,2502300
IN200,121.53,percentual,2,2023,CAMPINA GRANDE,2504009
IN200,46.90,percentual,2,2023,CAPIM,2504033
IN200,13.15,percentual,2,2023,JOÃO PESSOA,2507507
IN200,82.86,percentual,2,2023,OURO VELHO,2510600
IN200,122.15,percentual,2,2023,PATOS,2510808
IN200,55.87,percentual,3,2023,AREIA DE BARAÚNAS,2501153
IN200,50.84,percentual,3,2023,BOM SUCESSO,2502300
IN200,121.79,percentual,3,2023,CAMPINA GRANDE,2504009
IN200,4.69,percentual,3,2023,CAPIM,2504033
IN200,131.92,percentual,3,2023,JOÃO PESSOA,2507507
IN200,82.95,percentual,3,2023,OURO VELHO,2510600
IN200,122.37,percentual,3,2023,PATOS,2510808
IN200,56.61,percentual,4,2023,AREIA DE BARAÚNAS,2501153
IN200,50.90,percentual,4,2023,BOM SUCESSO,2502300
IN200,121.96,percentual,4,2023,CAMPINA GRANDE,2504009
IN200,4.69,percentual,4,2023,CAPIM,2504033
IN200,132.27,percentual,4,2023,JOÃO PESSOA,2507507
IN200,83.04,percentual,4,2023,OURO VELHO,2510600
IN200,122.48,percentual,4,2023,PATOS,2510808
IN200,56.61,percentual,5,2023,AREIA DE BARAÚNAS,2501153
IN200,50.90,percentual,5,2023,BOM SUCESSO,2502300
IN200,12.21,percentual,5,2023,CAMPINA GRANDE,2504009
IN200,47.04,percentual,5,2023,CAPIM,2504033
IN200,132.59,percentual,5,2023,JOÃO PESSOA,2507507
IN200,83.04,percentual,5,2023,OURO VELHO,2510600
IN200,122.55,percentual,5,2023,PATOS,2510808
IN200,56.61,percentual,6,2023,AREIA DE BARAÚNAS,2501153
IN200,51.01,percentual,6,2023,BOM SUCESSO,2502300
IN200,12.23,percentual,6,2023,CAMPINA GRANDE,2504009
IN200,47.63,percentual,6,2023,CAPIM,2504033
IN200,133.10,percentual,6,2023,JOÃO PESSOA,2507507
IN200,83.30,percentual,6,2023,OURO VELHO,2510600
IN200,122.80,percentual,6,2023,PATOS,2510808
IN200,56.76,percentual,7,2023,AREIA DE BARAÚNAS,2501153
IN200,51.25,percentual,7,2023,BOM SUCESSO,2502300
IN200,12.25,percentual,7,2023,CAMPINA GRANDE,2504009
IN200,47.63,percentual,7,2023,CAPIM,2504033
IN200,133.34,percentual,7,2023,JOÃO PESSOA,2507507
IN200,83.48,percentual,7,2023,OURO VELHO,2510600
IN200,122.93,percentual,7,2023,PATOS,2510808
IN200,57.06,percentual,8,2023,AREIA DE BARAÚNAS,2501153
IN200,52.46,percentual,8,2023,BOM SUCESSO,2502300
IN200,122.95,percentual,8,2023,CAMPINA GRANDE,2504009
IN200,47.68,percentual,8,2023,CAPIM,2504033
IN200,13.36,percentual,8,2023,JOÃO PESSOA,2507507
IN200,86.79,percentual,8,2023,OURO VELHO,2510600
IN200,123.04,percentual,8,2023,PATOS,2510808
IN200,56.91,percentual,9,2023,AREIA DE BARAÚNAS,2501153
IN200,52.87,percentual,9,2023,BOM SUCESSO,2502300
IN200,123.12,percentual,9,2023,CAMPINA GRANDE,2504009
IN200,47.68,percentual,9,2023,CAPIM,2504033
IN200,134.37,percentual,9,2023,JOÃO PESSOA,2507507
IN200,86.88,percentual,9,2023,OURO VELHO,2510600
IN200,123.19,percentual,9,2023,PATOS,2510808
IN200,56.91,percentual,10,2023,AREIA DE BARAÚNAS,2501153
IN200,52.87,percentual,10,2023,BOM SUCESSO,2502300
IN200,123.47,percentual,10,2023,CAMPINA GRANDE,2504009
IN200,47.77,percentual,10,2023,CAPIM,2504033
IN200,134.60,percentual,10,2023,JOÃO PESSOA,2507507
IN200,87.59,percentual,10,2023,OURO VELHO,2510600
IN200,123.31,percentual,10,2023,PATOS,2510808
IN200,56.91,percentual,11,2023,AREIA DE BARAÚNAS,2501153
IN200,53.10,percentual,11,2023,BOM SUCESSO,2502300
IN200,123.66,percentual,11,2023,CAMPINA GRANDE,2504009
IN200,47.81,percentual,11,2023,CAPIM,2504033
IN200,134.96,percentual,11,2023,JOÃO PESSOA,2507507
IN200,88.39,percentual,11,2023,OURO VELHO,2510600
IN200,123.45,percentual,11,2023,PATOS,2510808
IN200,56.91,percentual,12,2023,AREIA DE BARAÚNAS,2501153
IN200,53.10,percentual,12,2023,BOM SUCESSO,2502300
IN200,124.02,percentual,12,2023,CAMPINA GRANDE,2504009
IN200,49.45,percentual,12,2023,CAPIM,2504033
IN200,135.28,percentual,12,2023,JOÃO PESSOA,2507507
IN200,88.39,percentual,12,2023,OURO VELHO,2510600
IN200,123.65,percentual,12,2023,PATOS,2510808
IN200,33.17,percentual,1,2023,AREIA DE BARAÚNAS,2501153
IN200,51.74,percentual,1,2023,BOM SUCESSO,2502300
IN200,122.56,percentual,1,2023,CAMPINA GRANDE,2504009
IN200,47.53,percentual,1,2023,CAPIM,2504033
IN200,133.24,percentual,1,2023,JOÃO PESSOA,2507507
IN200,84.94,percentual,1,2023,OURO VELHO,2510600
IN200,122.82,percentual,1,2023,PATOS,2510808
IN200,57.36,percentual,2,2024,AREIA DE BARAÚNAS,2501153
IN200,53.22,percentual,2,2024,BOM SUCESSO,2502300
IN200,12.42,percentual,2,2024,CAMPINA GRANDE,2504009
IN200,50.77,percentual,2,2024,CAPIM,2504033
IN200,135.57,percentual,2,2024,JOÃO PESSOA,2507507
IN200,88.75,percentual,2,2024,OURO VELHO,2510600
IN200,123.78,percentual,2,2024,PATOS,2510808
IN200,57.65,percentual,3,2024,AREIA DE BARAÚNAS,2501153
IN200,53.22,percentual,3,2024,BOM SUCESSO,2502300
IN200,124.51,percentual,3,2024,CAMPINA GRANDE,2504009
IN200,52.46,percentual,3,2024,CAPIM,2504033
IN200,135.96,percentual,3,2024,JOÃO PESSOA,2507507
IN200,88.93,percentual,3,2024,OURO VELHO,2510600
IN200,124.04,percentual,3,2024,PATOS,2510808
IN200,57.95,percentual,4,2024,AREIA DE BARAÚNAS,2501153
IN200,53.33,percentual,4,2024,BOM SUCESSO,2502300
IN200,124.82,percentual,4,2024,CAMPINA GRANDE,2504009
IN200,52.32,percentual,4,2024,CAPIM,2504033
IN200,136.41,percentual,4,2024,JOÃO PESSOA,2507507
IN200,89.11,percentual,4,2024,OURO VELHO,2510600
IN200,12.65,percentual,4,2024,PATOS,2510808
IN200,57.95,percentual,5,2024,AREIA DE BARAÚNAS,2501153
IN200,53.51,percentual,5,2024,BOM SUCESSO,2502300
IN200,125.17,percentual,5,2024,CAMPINA GRANDE,2504009
IN200,52.46,percentual,5,2024,CAPIM,2504033
IN200,136.95,percentual,5,2024,JOÃO PESSOA,2507507
IN200,89.20,percentual,5,2024,OURO VELHO,2510600
IN200,126.74,percentual,5,2024,PATOS,2510808
IN200,58.40,percentual,6,2024,AREIA DE BARAÚNAS,2501153
IN200,53.45,percentual,6,2024,BOM SUCESSO,2502300
IN200,125.48,percentual,6,2024,CAMPINA GRANDE,2504009
IN200,53.19,percentual,6,2024,CAPIM,2504033
IN200,13.74,percentual,6,2024,JOÃO PESSOA,2507507
IN200,89.20,percentual,6,2024,OURO VELHO,2510600
IN200,126.85,percentual,6,2024,PATOS,2510808
IN200,58.40,percentual,7,2024,AREIA DE BARAÚNAS,2501153
IN200,53.51,percentual,7,2024,BOM SUCESSO,2502300
IN200,125.93,percentual,7,2024,CAMPINA GRANDE,2504009
IN200,53.24,percentual,7,2024,CAPIM,2504033
IN200,137.49,percentual,7,2024,JOÃO PESSOA,2507507
IN200,.09,percentual,7,2024,OURO VELHO,2510600
IN200,126.98,percentual,7,2024,PATOS,2510808
IN200,58.54,percentual,8,2024,AREIA DE BARAÚNAS,2501153
IN200,53.57,percentual,8,2024,BOM SUCESSO,2502300
IN200,126.18,percentual,8,2024,CAMPINA GRANDE,2504009
IN200,54.42,percentual,8,2024,CAPIM,2504033
IN200,137.87,percentual,8,2024,JOÃO PESSOA,2507507
IN200,89.38,percentual,8,2024,OURO VELHO,2510600
IN200,127.08,percentual,8,2024,PATOS,2510808
IN200,58.54,percentual,9,2024,AREIA DE BARAÚNAS,2501153
IN200,53.74,percentual,9,2024,BOM SUCESSO,2502300
IN200,126.37,percentual,9,2024,CAMPINA GRANDE,2504009
IN200,55.10,percentual,9,2024,CAPIM,2504033
IN200,138.57,percentual,9,2024,JOÃO PESSOA,2507507
IN200,89.46,percentual,9,2024,OURO VELHO,2510600
IN200,127.18,percentual,9,2024,PATOS,2510808
IN200,58.69,percentual,10,2024,AREIA DE BARAÚNAS,2501153
IN200,53.97,percentual,10,2024,BOM SUCESSO,2502300
IN200,126.67,percentual,10,2024,CAMPINA GRANDE,2504009
IN200,56.61,percentual,10,2024,CAPIM,2504033
IN200,138.77,percentual,10,2024,JOÃO PESSOA,2507507
IN200,89.64,percentual,10,2024,OURO VELHO,2510600
IN200,127.31,percentual,10,2024,PATOS,2510808
IN200,58.84,percentual,11,2024,AREIA DE BARAÚNAS,2501153
IN200,54.26,percentual,11,2024,BOM SUCESSO,2502300
IN200,126.99,percentual,11,2024,CAMPINA GRANDE,2504009
IN200,56.70,percentual,11,2024,CAPIM,2504033
IN200,139.24,percentual,11,2024,JOÃO PESSOA,2507507
IN200,89.82,percentual,11,2024,OURO VELHO,2510600
IN200,127.46,percentual,11,2024,PATOS,2510808
IN200,58.69,percentual,12,2024,AREIA DE BARAÚNAS,2501153
IN200,54.26,percentual,12,2024,BOM SUCESSO,2502300
IN200,127.28,percentual,12,2024,CAMPINA GRANDE,2504009
IN200,56.75,percentual,12,2024,CAPIM,2504033
IN200,139.46,percentual,12,2024,JOÃO PESSOA,2507507
IN200,89.91,percentual,12,2024,OURO VELHO,2510600
IN200,127.56,percentual,12,2024,PATOS,2510808
IN200,.00,percentual,1,2024,AREIA DE BARAÚNAS,2501153
IN200,.00,percentual,1,2024,BOM SUCESSO,2502300
IN200,.00,percentual,1,2024,CAMPINA GRANDE,2504009
IN200,.00,percentual,1,2024,CAPIM,2504033
IN200,.00,percentual,1,2024,JOÃO PESSOA,2507507
IN200,.00,percentual,1,2024,OURO VELHO,2510600
IN200,.00,percentual,1,2024,PATOS,2510808
IN201,17.57,percentual,2,2023,AREIA DE BARAÚNAS,2501153
IN201,-9.04,percentual,2,2023,BOM SUCESSO,2502300
IN201,25.31,percentual,2,2023,CAMPINA GRANDE,2504009
IN201,82.70,percentual,2,2023,CAPIM,2504033
IN201,46.13,percentual,2,2023,JOÃO PESSOA,2507507
IN201,49.64,percentual,2,2023,OURO VELHO,2510600
IN201,42.89,percentual,2,2023,PATOS,2510808
IN201,-5.96,percentual,3,2023,AREIA DE BARAÚNAS,2501153
IN201,36.22,percentual,3,2023,BOM SUCESSO,2502300
IN201,28.16,percentual,3,2023,CAMPINA GRANDE,2504009
IN201,80.29,percentual,3,2023,CAPIM,2504033
IN201,43.18,percentual,3,2023,JOÃO PESSOA,2507507
IN201,51.55,percentual,3,2023,OURO VELHO,2510600
IN201,39.05,percentual,3,2023,PATOS,2510808
IN201,18.04,percentual,4,2023,AREIA DE BARAÚNAS,2501153
IN201,2.26,percentual,4,2023,BOM SUCESSO,2502300
IN201,33.29,percentual,4,2023,CAMPINA GRANDE,2504009
IN201,79.35,percentual,4,2023,CAPIM,2504033
IN201,51.01,percentual,4,2023,JOÃO PESSOA,2507507
IN201,48.74,percentual,4,2023,OURO VELHO,2510600
IN201,47.46,percentual,4,2023,PATOS,2510808
IN201,26.11,percentual,5,2023,AREIA DE BARAÚNAS,2501153
IN201,.53,percentual,5,2023,BOM SUCESSO,2502300
IN201,26.47,percentual,5,2023,CAMPINA GRANDE,2504009
IN201,79.14,percentual,5,2023,CAPIM,2504033
IN201,44.97,percentual,5,2023,JOÃO PESSOA,2507507
IN201,55.67,percentual,5,2023,OURO VELHO,2510600
IN201,44.65,percentual,5,2023,PATOS,2510808
IN201,12.30,percentual,6,2023,AREIA DE BARAÚNAS,2501153
IN201,-8.42,percentual,6,2023,BOM SUCESSO,2502300
IN201,26.54,percentual,6,2023,CAMPINA GRANDE,2504009
IN201,83.24,percentual,6,2023,CAPIM,2504033
IN201,49.13,percentual,6,2023,JOÃO PESSOA,2507507
IN201,60.87,percentual,6,2023,OURO VELHO,2510600
IN201,49.18,percentual,6,2023,PATOS,2510808
IN201,17.98,percentual,7,2023,AREIA DE BARAÚNAS,2501153
IN201,8.44,percentual,7,2023,BOM SUCESSO,2502300
IN201,26.87,percentual,7,2023,CAMPINA GRANDE,2504009
IN201,82.14,percentual,7,2023,CAPIM,2504033
IN201,47.13,percentual,7,2023,JOÃO PESSOA,2507507
IN201,53.87,percentual,7,2023,OURO VELHO,2510600
IN201,42.94,percentual,7,2023,PATOS,2510808
IN201,16.19,percentual,8,2023,AREIA DE BARAÚNAS,2501153
IN201,36.30,percentual,8,2023,BOM SUCESSO,2502300
IN201,24.18,percentual,8,2023,CAMPINA GRANDE,2504009
IN201,83.76,percentual,8,2023,CAPIM,2504033
IN201,52.34,percentual,8,2023,JOÃO PESSOA,2507507
IN201,64.90,percentual,8,2023,OURO VELHO,2510600
IN201,43.63,percentual,8,2023,PATOS,2510808
IN201,9.86,percentual,9,2023,AREIA DE BARAÚNAS,2501153
IN201,37.00,percentual,9,2023,BOM SUCESSO,2502300
IN201,23.58,percentual,9,2023,CAMPINA GRANDE,2504009
IN201,83.44,percentual,9,2023,CAPIM,2504033
IN201,47.00,percentual,9,2023,JOÃO PESSOA,2507507
IN201,53.19,percentual,9,2023,OURO VELHO,2510600
IN201,42.40,percentual,9,2023,PATOS,2510808
IN201,18.04,percentual,10,2023,AREIA DE BARAÚNAS,2501153
IN201,7.22,percentual,10,2023,BOM SUCESSO,2502300
IN201,25.56,percentual,10,2023,CAMPINA GRANDE,2504009
IN201,83.36,percentual,10,2023,CAPIM,2504033
IN201,44.44,percentual,10,2023,JOÃO PESSOA,2507507
IN201,51.71,percentual,10,2023,OURO VELHO,2510600
IN201,39.00,percentual,10,2023,PATOS,2510808
IN201,9.14,percentual,11,2023,AREIA DE BARAÚNAS,2501153
IN201,12.05,percentual,11,2023,BOM SUCESSO,2502300
IN201,24.86,percentual,11,2023,CAMPINA GRANDE,2504009
IN201,85.52,percentual,11,2023,CAPIM,2504033
IN201,47.14,percentual,11,2023,JOÃO PESSOA,2507507
IN201,53.15,percentual,11,2023,OURO VELHO,2510600
IN201,33.01,percentual,11,2023,PATOS,2510808
IN201,-1.87,percentual,12,2023,AREIA DE BARAÚNAS,2501153
IN201,2.13,percentual,12,2023,BOM SUCESSO,2502300
IN201,24.94,percentual,12,2023,CAMPINA GRANDE,2504009
IN201,84.05,percentual,12,2023,CAPIM,2504033
IN201,42.47,percentual,12,2023,JOÃO PESSOA,2507507
IN201,57.44,percentual,12,2023,OURO VELHO,2510600
IN201,30.22,percentual,12,2023,PATOS,2510808
IN201,-12.29,percentual,,2023,AREIA DE BARAÚNAS,2501153
IN201,6.13,percentual,,2023,BOM SUCESSO,2502300
IN201,24.76,percentual,,2023,CAMPINA GRANDE,2504009
IN201,81.42,percentual,,2023,CAPIM,2504033
IN201,45.63,percentual,,2023,JOÃO PESSOA,2507507
IN201,46.31,percentual,,2023,OURO VELHO,2510600
IN201,35.92,percentual,,2023,PATOS,2510808
IN201,11.01,percentual,1,2023,AREIA DE BARAÚNAS,2501153
IN201,15.75,percentual,1,2023,BOM SUCESSO,2502300
IN201,23.01,percentual,1,2023,CAMPINA GRANDE,2504009
IN201,80.63,percentual,1,2023,CAPIM,2504033
IN201,41.34,percentual,1,2023,JOÃO PESSOA,2507507
IN201,50.02,percentual,1,2023,OURO VELHO,2510600
IN201,34.27,percentual,1,2023,PATOS,2510808
IN201,5.49,percentual,2,2024,AREIA DE BARAÚNAS,2501153
IN201,13.04,percentual,2,2024,BOM SUCESSO,2502300
IN201,25.82,percentual,2,2024,CAMPINA GRANDE,2504009
IN201,84.14,percentual,2,2024,CAPIM,2504033
IN201,44.46,percentual,2,2024,JOÃO PESSOA,2507507
IN201,40.36,percentual,2,2024,OURO VELHO,2510600
IN201,38.62,percentual,2,2024,PATOS,2510808
IN201,20.34,percentual,3,2024,AREIA DE BARAÚNAS,2501153
IN201,20.43,percentual,3,2024,BOM SUCESSO,2502300
IN201,23.55,percentual,3,2024,CAMPINA GRANDE,2504009
IN201,81.31,percentual,3,2024,CAPIM,2504033
IN201,39.55,percentual,3,2024,JOÃO PESSOA,2507507
IN201,43.61,percentual,3,2024,OURO VELHO,2510600
IN201,30.68,percentual,3,2024,PATOS,2510808
IN201,36.12,percentual,4,2024,AREIA DE BARAÚNAS,2501153
IN201,9.41,percentual,4,2024,BOM SUCESSO,2502300
IN201,23.50,percentual,4,2024,CAMPINA GRANDE,2504009
IN201,81.49,percentual,4,2024,CAPIM,2504033
IN201,46.72,percentual,4,2024,JOÃO PESSOA,2507507
IN201,48.84,percentual,4,2024,OURO VELHO,2510600
IN201,43.57,percentual,4,2024,PATOS,2510808
IN201,15.31,percentual,5,2024,AREIA DE BARAÚNAS,2501153
IN201,6.53,percentual,5,2024,BOM SUCESSO,2502300
IN201,22.88,percentual,5,2024,CAMPINA GRANDE,2504009
IN201,76.40,percentual,5,2024,CAPIM,2504033
IN201,41.65,percentual,5,2024,JOÃO PESSOA,2507507
IN201,54.97,percentual,5,2024,OURO VELHO,2510600
IN201,38.41,percentual,5,2024,PATOS,2510808
IN201,15.72,percentual,6,2024,AREIA DE BARAÚNAS,2501153
IN201,28.50,percentual,6,2024,BOM SUCESSO,2502300
IN201,25.60,percentual,6,2024,CAMPINA GRANDE,2504009
IN201,75.61,percentual,6,2024,CAPIM,2504033
IN201,41.33,percentual,6,2024,JOÃO PESSOA,2507507
IN201,51.38,percentual,6,2024,OURO VELHO,2510600
IN201,32.86,percentual,6,2024,PATOS,2510808
IN201,3.63,percentual,7,2024,AREIA DE BARAÚNAS,2501153
IN201,21.81,percentual,7,2024,BOM SUCESSO,2502300
IN201,25.47,percentual,7,2024,CAMPINA GRANDE,2504009
IN201,76.04,percentual,7,2024,CAPIM,2504033
IN201,42.89,percentual,7,2024,JOÃO PESSOA,2507507
IN201,52.37,percentual,7,2024,OURO VELHO,2510600
IN201,39.03,percentual,7,2024,PATOS,2510808
IN201,2.91,percentual,8,2024,AREIA DE BARAÚNAS,2501153
IN201,34.49,percentual,8,2024,BOM SUCESSO,2502300
IN201,25.48,percentual,8,2024,CAMPINA GRANDE,2504009
IN201,77.71,percentual,8,2024,CAPIM,2504033
IN201,48.16,percentual,8,2024,JOÃO PESSOA,2507507
IN201,52.26,percentual,8,2024,OURO VELHO,2510600
IN201,35.03,percentual,8,2024,PATOS,2510808
IN201,15.02,percentual,9,2024,AREIA DE BARAÚNAS,2501153
IN201,25.60,percentual,9,2024,BOM SUCESSO,2502300
IN201,24.84,percentual,9,2024,CAMPINA GRANDE,2504009
IN201,66.85,percentual,9,2024,CAPIM,2504033
IN201,45.73,percentual,9,2024,JOÃO PESSOA,2507507
IN201,46.24,percentual,9,2024,OURO VELHO,2510600
IN201,31.77,percentual,9,2024,PATOS,2510808
IN201,-9.31,percentual,10,2024,AREIA DE BARAÚNAS,2501153
IN201,7.11,percentual,10,2024,BOM SUCESSO,2502300
IN201,24.59,percentual,10,2024,CAMPINA GRANDE,2504009
IN201,68.22,percentual,10,2024,CAPIM,2504033
IN201,42.77,percentual,10,2024,JOÃO PESSOA,2507507
IN201,51.08,percentual,10,2024,OURO VELHO,2510600
IN201,27.60,percentual,10,2024,PATOS,2510808
IN201,17.02,percentual,1,2024,AREIA DE BARAÚNAS,2501153
IN201,15.69,percentual,1,2024,BOM SUCESSO,2502300
IN201,24.46,percentual,1,2024,CAMPINA GRANDE,2504009
IN201,78.11,percentual,1,2024,CAPIM,2504033
IN201,49.51,percentual,1,2024,JOÃO PESSOA,2507507
IN201,41.99,percentual,1,2024,OURO VELHO,2510600
IN201,39.57,percentual,1,2024,PATOS,2510808
IN202,.00,percentual,2,2023,AREIA DE BARAÚNAS,2501153
IN202,.00,percentual,2,2023,BOM SUCESSO,2502300
IN202,91.25,percentual,2,2023,CAMPINA GRANDE,2504009
IN202,.00,percentual,2,2023,CAPIM,2504033
IN202,86.00,percentual,2,2023,JOÃO PESSOA,2507507
IN202,.00,percentual,2,2023,OURO VELHO,2510600
IN202,13.63,percentual,2,2023,PATOS,2510808
IN202,.00,percentual,3,2023,AREIA DE BARAÚNAS,2501153
IN202,.00,percentual,3,2023,BOM SUCESSO,2502300
IN202,91.38,percentual,3,2023,CAMPINA GRANDE,2504009
IN202,.00,percentual,3,2023,CAPIM,2504033
IN202,86.18,percentual,3,2023,JOÃO PESSOA,2507507
IN202,.00,percentual,3,2023,OURO VELHO,2510600
IN202,13.64,percentual,3,2023,PATOS,2510808
IN202,.00,percentual,4,2023,AREIA DE BARAÚNAS,2501153
IN202,.00,percentual,4,2023,BOM SUCESSO,2502300
IN202,91.59,percentual,4,2023,CAMPINA GRANDE,2504009
IN202,.00,percentual,4,2023,CAPIM,2504033
IN202,86.44,percentual,4,2023,JOÃO PESSOA,2507507
IN202,.00,percentual,4,2023,OURO VELHO,2510600
IN202,13.62,percentual,4,2023,PATOS,2510808
IN202,.00,percentual,5,2023,AREIA DE BARAÚNAS,2501153
IN202,.00,percentual,5,2023,BOM SUCESSO,2502300
IN202,91.75,percentual,5,2023,CAMPINA GRANDE,2504009
IN202,.00,percentual,5,2023,CAPIM,2504033
IN202,86.69,percentual,5,2023,JOÃO PESSOA,2507507
IN202,.00,percentual,5,2023,OURO VELHO,2510600
IN202,13.62,percentual,5,2023,PATOS,2510808
IN202,.00,percentual,6,2023,AREIA DE BARAÚNAS,2501153
IN202,.00,percentual,6,2023,BOM SUCESSO,2502300
IN202,91.82,percentual,6,2023,CAMPINA GRANDE,2504009
IN202,.00,percentual,6,2023,CAPIM,2504033
IN202,86.85,percentual,6,2023,JOÃO PESSOA,2507507
IN202,.00,percentual,6,2023,OURO VELHO,2510600
IN202,13.62,percentual,6,2023,PATOS,2510808
IN202,.00,percentual,7,2023,AREIA DE BARAÚNAS,2501153
IN202,.00,percentual,7,2023,BOM SUCESSO,2502300
IN202,91.87,percentual,7,2023,CAMPINA GRANDE,2504009
IN202,.00,percentual,7,2023,CAPIM,2504033
IN202,87.10,percentual,7,2023,JOÃO PESSOA,2507507
IN202,.00,percentual,7,2023,OURO VELHO,2510600
IN202,13.63,percentual,7,2023,PATOS,2510808
IN202,.00,percentual,8,2023,AREIA DE BARAÚNAS,2501153
IN202,.00,percentual,8,2023,BOM SUCESSO,2502300
IN202,91.96,percentual,8,2023,CAMPINA GRANDE,2504009
IN202,.00,percentual,8,2023,CAPIM,2504033
IN202,87.38,percentual,8,2023,JOÃO PESSOA,2507507
IN202,.00,percentual,8,2023,OURO VELHO,2510600
IN202,13.64,percentual,8,2023,PATOS,2510808
IN202,.00,percentual,9,2023,AREIA DE BARAÚNAS,2501153
IN202,.00,percentual,9,2023,BOM SUCESSO,2502300
IN202,92.31,percentual,9,2023,CAMPINA GRANDE,2504009
IN202,.00,percentual,9,2023,CAPIM,2504033
IN202,87.48,percentual,9,2023,JOÃO PESSOA,2507507
IN202,.00,percentual,9,2023,OURO VELHO,2510600
IN202,13.59,percentual,9,2023,PATOS,2510808
IN202,.00,percentual,10,2023,AREIA DE BARAÚNAS,2501153
IN202,.00,percentual,10,2023,BOM SUCESSO,2502300
IN202,92.24,percentual,10,2023,CAMPINA GRANDE,2504009
IN202,.00,percentual,10,2023,CAPIM,2504033
IN202,88.14,percentual,10,2023,JOÃO PESSOA,2507507
IN202,.00,percentual,10,2023,OURO VELHO,2510600
IN202,13.55,percentual,10,2023,PATOS,2510808
IN202,.00,percentual,11,2023,AREIA DE BARAÚNAS,2501153
IN202,.00,percentual,11,2023,BOM SUCESSO,2502300
IN202,92.41,percentual,11,2023,CAMPINA GRANDE,2504009
IN202,.00,percentual,11,2023,CAPIM,2504033
IN202,8.83,percentual,11,2023,JOÃO PESSOA,2507507
IN202,.00,percentual,11,2023,OURO VELHO,2510600
IN202,13.58,percentual,11,2023,PATOS,2510808
IN202,.00,percentual,12,2023,AREIA DE BARAÚNAS,2501153
IN202,.00,percentual,12,2023,BOM SUCESSO,2502300
IN202,92.52,percentual,12,2023,CAMPINA GRANDE,2504009
IN202,.00,percentual,12,2023,CAPIM,2504033
IN202,88.57,percentual,12,2023,JOÃO PESSOA,2507507
IN202,.00,percentual,12,2023,OURO VELHO,2510600
IN202,13.59,percentual,12,2023,PATOS,2510808
IN202,.00,percentual,,2023,AREIA DE BARAÚNAS,2501153
IN202,.00,percentual,,2023,BOM SUCESSO,2502300
IN202,92.73,percentual,,2023,CAMPINA GRANDE,2504009
IN202,.00,percentual,,2023,CAPIM,2504033
IN202,88.87,percentual,,2023,JOÃO PESSOA,2507507
IN202,.00,percentual,,2023,OURO VELHO,2510600
IN202,13.60,percentual,,2023,PATOS,2510808
IN202,.00,percentual,1,2023,AREIA DE BARAÚNAS,2501153
IN202,.00,percentual,1,2023,BOM SUCESSO,2502300
IN202,132.60,percentual,1,2023,CAMPINA GRANDE,2504009
IN202,.00,percentual,1,2023,CAPIM,2504033
IN202,126.49,percentual,1,2023,JOÃO PESSOA,2507507
IN202,.00,percentual,1,2023,OURO VELHO,2510600
IN202,19.48,percentual,1,2023,PATOS,2510808
IN202,.00,percentual,2,2024,AREIA DE BARAÚNAS,2501153
IN202,.00,percentual,2,2024,BOM SUCESSO,2502300
IN202,92.84,percentual,2,2024,CAMPINA GRANDE,2504009
IN202,.00,percentual,2,2024,CAPIM,2504033
IN202,89.08,percentual,2,2024,JOÃO PESSOA,2507507
IN202,.00,percentual,2,2024,OURO VELHO,2510600
IN202,13.58,percentual,2,2024,PATOS,2510808
IN202,.00,percentual,3,2024,AREIA DE BARAÚNAS,2501153
IN202,.00,percentual,3,2024,BOM SUCESSO,2502300
IN202,9.31,percentual,3,2024,CAMPINA GRANDE,2504009
IN202,.00,percentual,3,2024,CAPIM,2504033
IN202,89.41,percentual,3,2024,JOÃO PESSOA,2507507
IN202,.00,percentual,3,2024,OURO VELHO,2510600
IN202,13.59,percentual,3,2024,PATOS,2510808
IN202,.00,percentual,4,2024,AREIA DE BARAÚNAS,2501153
IN202,.00,percentual,4,2024,BOM SUCESSO,2502300
IN202,93.26,percentual,4,2024,CAMPINA GRANDE,2504009
IN202,.00,percentual,4,2024,CAPIM,2504033
IN202,89.66,percentual,4,2024,JOÃO PESSOA,2507507
IN202,.00,percentual,4,2024,OURO VELHO,2510600
IN202,13.61,percentual,4,2024,PATOS,2510808
IN202,.00,percentual,5,2024,AREIA DE BARAÚNAS,2501153
IN202,.00,percentual,5,2024,BOM SUCESSO,2502300
IN202,93.48,percentual,5,2024,CAMPINA GRANDE,2504009
IN202,.00,percentual,5,2024,CAPIM,2504033
IN202,90.04,percentual,5,2024,JOÃO PESSOA,2507507
IN202,.00,percentual,5,2024,OURO VELHO,2510600
IN202,1.61,percentual,5,2024,PATOS,2510808
IN202,.00,percentual,6,2024,AREIA DE BARAÚNAS,2501153
IN202,.00,percentual,6,2024,BOM SUCESSO,2502300
IN202,93.69,percentual,6,2024,CAMPINA GRANDE,2504009
IN202,.00,percentual,6,2024,CAPIM,2504033
IN202,90.27,percentual,6,2024,JOÃO PESSOA,2507507
IN202,.00,percentual,6,2024,OURO VELHO,2510600
IN202,16.06,percentual,6,2024,PATOS,2510808
IN202,.00,percentual,7,2024,AREIA DE BARAÚNAS,2501153
IN202,.00,percentual,7,2024,BOM SUCESSO,2502300
IN202,94.10,percentual,7,2024,CAMPINA GRANDE,2504009
IN202,.00,percentual,7,2024,CAPIM,2504033
IN202,90.43,percentual,7,2024,JOÃO PESSOA,2507507
IN202,.00,percentual,7,2024,OURO VELHO,2510600
IN202,1.61,percentual,7,2024,PATOS,2510808
IN202,.00,percentual,8,2024,AREIA DE BARAÚNAS,2501153
IN202,.00,percentual,8,2024,BOM SUCESSO,2502300
IN202,94.21,percentual,8,2024,CAMPINA GRANDE,2504009
IN202,.00,percentual,8,2024,CAPIM,2504033
IN202,90.86,percentual,8,2024,JOÃO PESSOA,2507507
IN202,.00,percentual,8,2024,OURO VELHO,2510600
IN202,1.61,percentual,8,2024,PATOS,2510808
IN202,.00,percentual,9,2024,AREIA DE BARAÚNAS,2501153
IN202,.00,percentual,9,2024,BOM SUCESSO,2502300
IN202,94.30,percentual,9,2024,CAMPINA GRANDE,2504009
IN202,.00,percentual,9,2024,CAPIM,2504033
IN202,91.64,percentual,9,2024,JOÃO PESSOA,2507507
IN202,.00,percentual,9,2024,OURO VELHO,2510600
IN202,16.05,percentual,9,2024,PATOS,2510808
IN202,.00,percentual,10,2024,AREIA DE BARAÚNAS,2501153
IN202,.00,percentual,10,2024,BOM SUCESSO,2502300
IN202,94.47,percentual,10,2024,CAMPINA GRANDE,2504009
IN202,.00,percentual,10,2024,CAPIM,2504033
IN202,91.93,percentual,10,2024,JOÃO PESSOA,2507507
IN202,.00,percentual,10,2024,OURO VELHO,2510600
IN202,16.07,percentual,10,2024,PATOS,2510808
IN202,.00,percentual,11,2024,AREIA DE BARAÚNAS,2501153
IN202,.00,percentual,11,2024,BOM SUCESSO,2502300
IN202,94.87,percentual,11,2024,CAMPINA GRANDE,2504009
IN202,.00,percentual,11,2024,CAPIM,2504033
IN202,9.23,percentual,11,2024,JOÃO PESSOA,2507507
IN202,.00,percentual,11,2024,OURO VELHO,2510600
IN202,16.13,percentual,11,2024,PATOS,2510808
IN202,.00,percentual,12,2024,AREIA DE BARAÚNAS,2501153
IN202,.00,percentual,12,2024,BOM SUCESSO,2502300
IN202,95.00,percentual,12,2024,CAMPINA GRANDE,2504009
IN202,.00,percentual,12,2024,CAPIM,2504033
IN202,92.53,percentual,12,2024,JOÃO PESSOA,2507507
IN202,.00,percentual,12,2024,OURO VELHO,2510600
IN202,16.11,percentual,12,2024,PATOS,2510808
IN202,.00,percentual,1,2024,AREIA DE BARAÚNAS,2501153
IN202,.00,percentual,1,2024,BOM SUCESSO,2502300
IN202,.00,percentual,1,2024,CAMPINA GRANDE,2504009
IN202,.00,percentual,2,2024,CAPIM,2504033
IN202,.00,percentual,2,2024,JOÃO PESSOA,2507507
IN202,.00,percentual,2,2024,OURO VELHO,2510600
IN202,.00,percentual,3,2024,PATOS,2510808
IN203,100.00,percentual,3,2023,CAMPINA GRANDE,2504009
IN203,100.00,percentual,3,2023,JOÃO PESSOA,2507507
IN203,100.00,percentual,4,2023,PATOS,2510808
IN203,100.00,percentual,4,2023,CAMPINA GRANDE,2504009
IN203,100.00,percentual,4,2023,JOÃO PESSOA,2507507
IN203,100.00,percentual,5,2023,PATOS,2510808
IN203,100.00,percentual,5,2023,CAMPINA GRANDE,2504009
IN203,100.00,percentual,5,2023,JOÃO PESSOA,2507507
IN203,100.00,percentual,6,2023,PATOS,2510808
IN203,100.00,percentual,6,2023,CAMPINA GRANDE,2504009
IN203,100.00,percentual,6,2023,JOÃO PESSOA,2507507
IN203,100.00,percentual,7,2023,PATOS,2510808
IN203,100.00,percentual,7,2023,CAMPINA GRANDE,2504009
IN203,100.00,percentual,7,2023,JOÃO PESSOA,2507507
IN203,100.00,percentual,8,2023,PATOS,2510808
IN203,100.00,percentual,8,2023,CAMPINA GRANDE,2504009
IN203,100.00,percentual,8,2023,JOÃO PESSOA,2507507
IN203,100.00,percentual,9,2023,PATOS,2510808
IN203,100.00,percentual,9,2023,CAMPINA GRANDE,2504009
IN203,100.00,percentual,9,2023,JOÃO PESSOA,2507507
IN203,100.00,percentual,10,2023,PATOS,2510808
IN203,100.00,percentual,10,2023,CAMPINA GRANDE,2504009
IN203,100.00,percentual,10,2023,JOÃO PESSOA,2507507
IN203,100.00,percentual,11,2023,PATOS,2510808
IN203,100.00,percentual,11,2023,CAMPINA GRANDE,2504009
IN203,100.00,percentual,11,2023,JOÃO PESSOA,2507507
IN203,100.00,percentual,12,2023,PATOS,2510808
IN203,100.00,percentual,12,2023,CAMPINA GRANDE,2504009
IN203,100.00,percentual,12,2023,JOÃO PESSOA,2507507
IN203,100.00,percentual,,2023,PATOS,2510808
IN203,100.00,percentual,,2023,CAMPINA GRANDE,2504009
IN203,100.00,percentual,,2023,JOÃO PESSOA,2507507
IN203,100.00,percentual,1,2023,PATOS,2510808
IN203,100.00,percentual,1,2023,CAMPINA GRANDE,2504009
IN203,100.00,percentual,1,2023,JOÃO PESSOA,2507507
IN203,100.00,percentual,2,2023,PATOS,2510808
IN203,100.00,percentual,2,2023,CAMPINA GRANDE,2504009
IN203,100.00,percentual,2,2023,JOÃO PESSOA,2507507
IN203,100.00,percentual,3,2023,PATOS,2510808
IN203,100.00,percentual,3,2024,CAMPINA GRANDE,2504009
IN203,100.00,percentual,3,2024,JOÃO PESSOA,2507507
IN203,100.00,percentual,4,2024,PATOS,2510808
IN203,100.00,percentual,4,2024,CAMPINA GRANDE,2504009
IN203,100.00,percentual,4,2024,JOÃO PESSOA,2507507
IN203,100.00,percentual,5,2024,PATOS,2510808
IN203,100.00,percentual,5,2024,CAMPINA GRANDE,2504009
IN203,100.00,percentual,5,2024,JOÃO PESSOA,2507507
IN203,100.00,percentual,6,2024,PATOS,2510808
IN203,100.00,percentual,6,2024,CAMPINA GRANDE,2504009
IN203,100.00,percentual,6,2024,JOÃO PESSOA,2507507
IN203,100.00,percentual,7,2024,PATOS,2510808
IN203,100.00,percentual,7,2024,CAMPINA GRANDE,2504009
IN203,100.00,percentual,7,2024,JOÃO PESSOA,2507507
IN203,100.00,percentual,8,2024,PATOS,2510808
IN203,100.00,percentual,8,2024,CAMPINA GRANDE,2504009
IN203,100.00,percentual,8,2024,JOÃO PESSOA,2507507
IN203,100.00,percentual,9,2024,PATOS,2510808
IN203,100.00,percentual,9,2024,CAMPINA GRANDE,2504009
IN203,100.00,percentual,9,2024,JOÃO PESSOA,2507507
IN203,100.00,percentual,10,2024,PATOS,2510808
IN203,100.00,percentual,10,2024,CAMPINA GRANDE,2504009
IN203,100.00,percentual,10,2024,JOÃO PESSOA,2507507
IN203,100.00,percentual,11,2024,PATOS,2510808
IN203,100.00,percentual,11,2024,CAMPINA GRANDE,2504009
IN203,100.00,percentual,11,2024,JOÃO PESSOA,2507507
IN203,100.00,percentual,12,2024,PATOS,2510808
IN203,100.00,percentual,12,2024,CAMPINA GRANDE,2504009
IN203,100.00,percentual,12,2024,JOÃO PESSOA,2507507
IN203,100.00,percentual,1,2024,PATOS,2510808
IN203,100.00,percentual,1,2024,CAMPINA GRANDE,2504009
IN203,100.00,percentual,1,2024,JOÃO PESSOA,2507507
IN203,100.00,percentual,1,2024,PATOS,2510808
IN203,100.00,percentual,1,2024,CAMPINA GRANDE,2504009
IN203,100.00,percentual,1,2024,JOÃO PESSOA,2507507
IN203,100.00,percentual,1,2024,PATOS,2510808
IN204,91.64,percentual,2,2023,AREIA DE BARAÚNAS,2501153
IN204,100.00,percentual,2,2023,BOM SUCESSO,2502300
IN204,99.62,percentual,2,2023,CAMPINA GRANDE,2504009
IN204,55.03,percentual,2,2023,CAPIM,2504033
IN204,97.93,percentual,2,2023,JOÃO PESSOA,2507507
IN204,99.86,percentual,2,2023,OURO VELHO,2510600
IN204,99.78,percentual,2,2023,PATOS,2510808
IN204,91.30,percentual,3,2023,AREIA DE BARAÚNAS,2501153
IN204,100.26,percentual,3,2023,BOM SUCESSO,2502300
IN204,100.02,percentual,3,2023,CAMPINA GRANDE,2504009
IN204,55.03,percentual,3,2023,CAPIM,2504033
IN204,97.78,percentual,3,2023,JOÃO PESSOA,2507507
IN204,99.59,percentual,3,2023,OURO VELHO,2510600
IN204,99.73,percentual,3,2023,PATOS,2510808
IN204,90.65,percentual,4,2023,AREIA DE BARAÚNAS,2501153
IN204,100.13,percentual,4,2023,BOM SUCESSO,2502300
IN204,99.92,percentual,4,2023,CAMPINA GRANDE,2504009
IN204,55.03,percentual,4,2023,CAPIM,2504033
IN204,97.49,percentual,4,2023,JOÃO PESSOA,2507507
IN204,99.19,percentual,4,2023,OURO VELHO,2510600
IN204,99.64,percentual,4,2023,PATOS,2510808
IN204,90.32,percentual,5,2023,AREIA DE BARAÚNAS,2501153
IN204,100.66,percentual,5,2023,BOM SUCESSO,2502300
IN204,99.72,percentual,5,2023,CAMPINA GRANDE,2504009
IN204,55.03,percentual,5,2023,CAPIM,2504033
IN204,97.22,percentual,5,2023,JOÃO PESSOA,2507507
IN204,98.92,percentual,5,2023,OURO VELHO,2510600
IN204,99.31,percentual,5,2023,PATOS,2510808
IN204,88.42,percentual,6,2023,AREIA DE BARAÚNAS,2501153
IN204,100.79,percentual,6,2023,BOM SUCESSO,2502300
IN204,99.86,percentual,6,2023,CAMPINA GRANDE,2504009
IN204,55.21,percentual,6,2023,CAPIM,2504033
IN204,97.08,percentual,6,2023,JOÃO PESSOA,2507507
IN204,98.92,percentual,6,2023,OURO VELHO,2510600
IN204,99.21,percentual,6,2023,PATOS,2510808
IN204,88.11,percentual,7,2023,AREIA DE BARAÚNAS,2501153
IN204,100.92,percentual,7,2023,BOM SUCESSO,2502300
IN204,99.70,percentual,7,2023,CAMPINA GRANDE,2504009
IN204,53.19,percentual,7,2023,CAPIM,2504033
IN204,96.85,percentual,7,2023,JOÃO PESSOA,2507507
IN204,98.78,percentual,7,2023,OURO VELHO,2510600
IN204,98.86,percentual,7,2023,PATOS,2510808
IN204,87.80,percentual,8,2023,AREIA DE BARAÚNAS,2501153
IN204,101.06,percentual,8,2023,BOM SUCESSO,2502300
IN204,99.40,percentual,8,2023,CAMPINA GRANDE,2504009
IN204,52.40,percentual,8,2023,CAPIM,2504033
IN204,96.69,percentual,8,2023,JOÃO PESSOA,2507507
IN204,99.05,percentual,8,2023,OURO VELHO,2510600
IN204,98.83,percentual,8,2023,PATOS,2510808
IN204,88.11,percentual,9,2023,AREIA DE BARAÚNAS,2501153
IN204,100.00,percentual,9,2023,BOM SUCESSO,2502300
IN204,99.13,percentual,9,2023,CAMPINA GRANDE,2504009
IN204,52.08,percentual,9,2023,CAPIM,2504033
IN204,96.61,percentual,9,2023,JOÃO PESSOA,2507507
IN204,99.05,percentual,9,2023,OURO VELHO,2510600
IN204,98.69,percentual,9,2023,PATOS,2510808
IN204,89.05,percentual,10,2023,AREIA DE BARAÚNAS,2501153
IN204,99.87,percentual,10,2023,BOM SUCESSO,2502300
IN204,98.64,percentual,10,2023,CAMPINA GRANDE,2504009
IN204,52.24,percentual,10,2023,CAPIM,2504033
IN204,96.49,percentual,10,2023,JOÃO PESSOA,2507507
IN204,93.48,percentual,10,2023,OURO VELHO,2510600
IN204,98.45,percentual,10,2023,PATOS,2510808
IN204,88.73,percentual,11,2023,AREIA DE BARAÚNAS,2501153
IN204,95.86,percentual,11,2023,BOM SUCESSO,2502300
IN204,98.47,percentual,11,2023,CAMPINA GRANDE,2504009
IN204,51.93,percentual,11,2023,CAPIM,2504033
IN204,96.29,percentual,11,2023,JOÃO PESSOA,2507507
IN204,93.12,percentual,11,2023,OURO VELHO,2510600
IN204,98.22,percentual,11,2023,PATOS,2510808
IN204,88.42,percentual,12,2023,AREIA DE BARAÚNAS,2501153
IN204,95.86,percentual,12,2023,BOM SUCESSO,2502300
IN204,98.16,percentual,12,2023,CAMPINA GRANDE,2504009
IN204,52.24,percentual,12,2023,CAPIM,2504033
IN204,96.02,percentual,12,2023,JOÃO PESSOA,2507507
IN204,91.83,percentual,12,2023,OURO VELHO,2510600
IN204,97.88,percentual,12,2023,PATOS,2510808
IN204,87.80,percentual,,2023,AREIA DE BARAÚNAS,2501153
IN204,95.98,percentual,,2023,BOM SUCESSO,2502300
IN204,97.83,percentual,,2023,CAMPINA GRANDE,2504009
IN204,47.43,percentual,,2023,CAPIM,2504033
IN204,95.83,percentual,,2023,JOÃO PESSOA,2507507
IN204,90.69,percentual,,2023,OURO VELHO,2510600
IN204,97.71,percentual,,2023,PATOS,2510808
IN204,10.54,percentual,1,2023,AREIA DE BARAÚNAS,2501153
IN204,11.52,percentual,1,2023,BOM SUCESSO,2502300
IN204,11.74,percentual,1,2023,CAMPINA GRANDE,2504009
IN204,5.69,percentual,1,2023,CAPIM,2504033
IN204,11.50,percentual,1,2023,JOÃO PESSOA,2507507
IN204,10.88,percentual,1,2023,OURO VELHO,2510600
IN204,11.73,percentual,1,2023,PATOS,2510808
IN204,86.60,percentual,2,2024,AREIA DE BARAÚNAS,2501153
IN204,96.10,percentual,2,2024,BOM SUCESSO,2502300
IN204,97.48,percentual,2,2024,CAMPINA GRANDE,2504009
IN204,47.04,percentual,2,2024,CAPIM,2504033
IN204,95.54,percentual,2,2024,JOÃO PESSOA,2507507
IN204,91.60,percentual,2,2024,OURO VELHO,2510600
IN204,97.50,percentual,2,2024,PATOS,2510808
IN204,84.85,percentual,3,2024,AREIA DE BARAÚNAS,2501153
IN204,95.50,percentual,3,2024,BOM SUCESSO,2502300
IN204,97.44,percentual,3,2024,CAMPINA GRANDE,2504009
IN204,42.48,percentual,3,2024,CAPIM,2504033
IN204,95.36,percentual,3,2024,JOÃO PESSOA,2507507
IN204,90.36,percentual,3,2024,OURO VELHO,2510600
IN204,97.34,percentual,3,2024,PATOS,2510808
IN204,82.62,percentual,4,2024,AREIA DE BARAÚNAS,2501153
IN204,95.98,percentual,4,2024,BOM SUCESSO,2502300
IN204,97.24,percentual,4,2024,CAMPINA GRANDE,2504009
IN204,39.15,percentual,4,2024,CAPIM,2504033
IN204,95.15,percentual,4,2024,JOÃO PESSOA,2507507
IN204,90.14,percentual,4,2024,OURO VELHO,2510600
IN204,97.31,percentual,4,2024,PATOS,2510808
IN204,82.35,percentual,5,2024,AREIA DE BARAÚNAS,2501153
IN204,95.26,percentual,5,2024,BOM SUCESSO,2502300
IN204,96.97,percentual,5,2024,CAMPINA GRANDE,2504009
IN204,38.72,percentual,5,2024,CAPIM,2504033
IN204,94.64,percentual,5,2024,JOÃO PESSOA,2507507
IN204,90.69,percentual,5,2024,OURO VELHO,2510600
IN204,95.13,percentual,5,2024,PATOS,2510808
IN204,81.29,percentual,6,2024,AREIA DE BARAÚNAS,2501153
IN204,95.74,percentual,6,2024,BOM SUCESSO,2502300
IN204,96.82,percentual,6,2024,CAMPINA GRANDE,2504009
IN204,36.53,percentual,6,2024,CAPIM,2504033
IN204,94.20,percentual,6,2024,JOÃO PESSOA,2507507
IN204,90.36,percentual,6,2024,OURO VELHO,2510600
IN204,95.02,percentual,6,2024,PATOS,2510808
IN204,81.03,percentual,7,2024,AREIA DE BARAÚNAS,2501153
IN204,95.26,percentual,7,2024,BOM SUCESSO,2502300
IN204,96.84,percentual,7,2024,CAMPINA GRANDE,2504009
IN204,38.80,percentual,7,2024,CAPIM,2504033
IN204,93.99,percentual,7,2024,JOÃO PESSOA,2507507
IN204,91.15,percentual,7,2024,OURO VELHO,2510600
IN204,95.23,percentual,7,2024,PATOS,2510808
IN204,80.77,percentual,8,2024,AREIA DE BARAÚNAS,2501153
IN204,94.55,percentual,8,2024,BOM SUCESSO,2502300
IN204,96.77,percentual,8,2024,CAMPINA GRANDE,2504009
IN204,39.41,percentual,8,2024,CAPIM,2504033
IN204,93.66,percentual,8,2024,JOÃO PESSOA,2507507
IN204,90.92,percentual,8,2024,OURO VELHO,2510600
IN204,95.15,percentual,8,2024,PATOS,2510808
IN204,79.25,percentual,9,2024,AREIA DE BARAÚNAS,2501153
IN204,94.44,percentual,9,2024,BOM SUCESSO,2502300
IN204,96.55,percentual,9,2024,CAMPINA GRANDE,2504009
IN204,42.48,percentual,9,2024,CAPIM,2504033
IN204,93.43,percentual,9,2024,JOÃO PESSOA,2507507
IN204,90.58,percentual,9,2024,OURO VELHO,2510600
IN204,94.91,percentual,9,2024,PATOS,2510808
IN204,78.50,percentual,10,2024,AREIA DE BARAÚNAS,2501153
IN204,93.86,percentual,10,2024,BOM SUCESSO,2502300
IN204,96.68,percentual,10,2024,CAMPINA GRANDE,2504009
IN204,38.89,percentual,10,2024,CAPIM,2504033
IN204,93.22,percentual,10,2024,JOÃO PESSOA,2507507
IN204,90.25,percentual,10,2024,OURO VELHO,2510600
IN204,94.78,percentual,10,2024,PATOS,2510808
IN204,78.02,percentual,1,2024,AREIA DE BARAÚNAS,2501153
IN204,93.86,percentual,1,2024,BOM SUCESSO,2502300
IN204,96.42,percentual,1,2024,CAMPINA GRANDE,2504009
IN204,37.63,percentual,1,2024,CAPIM,2504033
IN204,93.17,percentual,2,2024,JOÃO PESSOA,2507507
IN204,90.69,percentual,2,2024,OURO VELHO,2510600
IN204,94.66,percentual,2,2024,PATOS,2510808
IN205,.14,percentual,2,2023,AREIA DE BARAÚNAS,2501153
IN205,39.26,percentual,3,2023,CAMPINA GRANDE,2504009
IN205,51.91,percentual,3,2023,JOÃO PESSOA,2507507
IN205,33.58,percentual,3,2023,PATOS,2510808
IN205,.17,percentual,4,2023,AREIA DE BARAÚNAS,2501153
IN205,40.00,percentual,4,2023,CAMPINA GRANDE,2504009
IN205,311.38,percentual,4,2023,JOÃO PESSOA,2507507
IN205,785.00,percentual,5,2023,PATOS,2510808
IN205,29.53,percentual,5,2023,CAMPINA GRANDE,2504009
IN205,175.81,percentual,5,2023,JOÃO PESSOA,2507507
IN205,226.00,percentual,6,2023,PATOS,2510808
IN205,39.45,percentual,6,2023,CAMPINA GRANDE,2504009
IN205,182.24,percentual,7,2023,JOÃO PESSOA,2507507
IN205,355.00,percentual,7,2023,PATOS,2510808
IN205,18.34,percentual,7,2023,CAMPINA GRANDE,2504009
IN205,326.42,percentual,8,2023,JOÃO PESSOA,2507507
IN205,370.00,percentual,8,2023,PATOS,2510808
IN205,26.68,percentual,8,2023,CAMPINA GRANDE,2504009
IN205,73.80,percentual,8,2023,JOÃO PESSOA,2507507
IN205,74.27,percentual,8,2023,CAMPINA GRANDE,2504009
IN205,2.00,percentual,9,2023,CAPIM,2504033
IN205,48.50,percentual,9,2023,JOÃO PESSOA,2507507
IN205,1.00,percentual,9,2023,AREIA DE BARAÚNAS,2501153
IN205,4.00,percentual,10,2023,BOM SUCESSO,2502300
IN205,7.77,percentual,10,2023,CAMPINA GRANDE,2504009
IN205,67.88,percentual,10,2023,JOÃO PESSOA,2507507
IN205,537.00,percentual,10,2023,PATOS,2510808
IN205,71.34,percentual,11,2023,CAMPINA GRANDE,2504009
IN205,40.31,percentual,11,2023,JOÃO PESSOA,2507507
IN205,750.00,percentual,12,2023,PATOS,2510808
IN205,72.53,percentual,12,2023,CAMPINA GRANDE,2504009
IN205,.00,percentual,12,2023,CAPIM,2504033
IN205,84.18,percentual,12,2023,JOÃO PESSOA,2507507
IN205,30.18,percentual,,2023,PATOS,2510808
IN205,162.96,percentual,,2023,CAMPINA GRANDE,2504009
IN205,309.70,percentual,,2023,JOÃO PESSOA,2507507
IN205,152.92,percentual,,2023,CAMPINA GRANDE,2504009
IN205,.00,percentual,,2023,CAPIM,2504033
IN205,218.23,percentual,,2023,JOÃO PESSOA,2507507
IN205,793.50,percentual,1,2023,PATOS,2510808
IN205,10.50,percentual,1,2023,AREIA DE BARAÚNAS,2501153
IN205,89.00,percentual,1,2023,BOM SUCESSO,2502300
IN205,32.94,percentual,1,2023,CAMPINA GRANDE,2504009
IN205,1.33,percentual,1,2023,CAPIM,2504033
IN205,101.70,percentual,2,2023,JOÃO PESSOA,2507507
IN205,168.16,percentual,2,2023,PATOS,2510808
IN205,3.00,percentual,2,2024,AREIA DE BARAÚNAS,2501153
IN205,442.44,percentual,3,2024,CAMPINA GRANDE,2504009
IN205,4.00,percentual,3,2024,CAPIM,2504033
IN205,280.13,percentual,3,2024,JOÃO PESSOA,2507507
IN205,270.00,percentual,4,2024,PATOS,2510808
IN205,.00,percentual,4,2024,AREIA DE BARAÚNAS,2501153
IN205,234.74,percentual,4,2024,CAMPINA GRANDE,2504009
IN205,84.59,percentual,5,2024,JOÃO PESSOA,2507507
IN205,287.24,percentual,5,2024,CAMPINA GRANDE,2504009
IN205,1.00,percentual,5,2024,CAPIM,2504033
IN205,103.87,percentual,5,2024,JOÃO PESSOA,2507507
IN205,245.62,percentual,6,2024,CAMPINA GRANDE,2504009
IN205,85.46,percentual,6,2024,JOÃO PESSOA,2507507
IN205,25.53,percentual,6,2024,PATOS,2510808
IN205,356.65,percentual,7,2024,CAMPINA GRANDE,2504009
IN205,1.00,percentual,7,2024,CAPIM,2504033
IN205,151.10,percentual,7,2024,JOÃO PESSOA,2507507
IN205,104.22,percentual,7,2024,PATOS,2510808
IN205,493.50,percentual,8,2024,CAMPINA GRANDE,2504009
IN205,.00,percentual,8,2024,CAPIM,2504033
IN205,135.21,percentual,8,2024,JOÃO PESSOA,2507507
IN205,86.32,percentual,8,2024,CAMPINA GRANDE,2504009
IN205,.67,percentual,8,2024,CAPIM,2504033
IN205,148.38,percentual,9,2024,JOÃO PESSOA,2507507
IN205,107.29,percentual,9,2024,PATOS,2510808
IN205,2.00,percentual,9,2024,AREIA DE BARAÚNAS,2501153
IN205,48.18,percentual,9,2024,CAMPINA GRANDE,2504009
IN205,1.00,percentual,10,2024,CAPIM,2504033
IN205,142.89,percentual,10,2024,JOÃO PESSOA,2507507
IN205,87.00,percentual,10,2024,PATOS,2510808
IN205,19.61,percentual,10,2024,CAMPINA GRANDE,2504009
IN205,1.00,percentual,11,2024,CAPIM,2504033
IN205,97.82,percentual,11,2024,JOÃO PESSOA,2507507
IN205,396.00,percentual,11,2024,PATOS,2510808
IN205,.00,percentual,12,2024,AREIA DE BARAÚNAS,2501153
IN205,27.41,percentual,12,2024,CAMPINA GRANDE,2504009
IN205,31.17,percentual,12,2024,JOÃO PESSOA,2507507
IN205,380.50,percentual,1,2024,PATOS,2510808
IN205,16.63,percentual,1,2024,CAMPINA GRANDE,2504009
IN205,75.50,percentual,1,2024,JOÃO PESSOA,2507507
IN205,677.00,percentual,1,2024,PATOS,2510808
IN205,38.20,percentual,1,2024,CAMPINA GRANDE,2504009
IN205,30.93,percentual,1,2024,JOÃO PESSOA,2507507
IN205,51.75,percentual,1,2024,PATOS,2510808
IN208,99.00,percentual,2,2023,AREIA DE BARAÚNAS,2501153
IN208,98.70,percentual,2,2023,BOM SUCESSO,2502300
IN208,94.00,percentual,2,2023,CAMPINA GRANDE,2504009
IN208,96.00,percentual,2,2023,CAPIM,2504033
IN208,87.00,percentual,2,2023,JOÃO PESSOA,2507507
IN208,93.00,percentual,2,2023,OURO VELHO,2510600
IN208,97.00,percentual,2,2023,PATOS,2510808
IN208,93.00,percentual,3,2023,AREIA DE BARAÚNAS,2501153
IN208,98.70,percentual,3,2023,BOM SUCESSO,2502300
IN208,96.00,percentual,3,2023,CAMPINA GRANDE,2504009
IN208,81.00,percentual,3,2023,CAPIM,2504033
IN208,87.00,percentual,3,2023,JOÃO PESSOA,2507507
IN208,99.00,percentual,3,2023,OURO VELHO,2510600
IN208,98.00,percentual,3,2023,PATOS,2510808
IN208,90.00,percentual,4,2023,AREIA DE BARAÚNAS,2501153
IN208,98.70,percentual,4,2023,BOM SUCESSO,2502300
IN208,98.00,percentual,4,2023,CAMPINA GRANDE,2504009
IN208,78.00,percentual,4,2023,CAPIM,2504033
IN208,81.00,percentual,4,2023,JOÃO PESSOA,2507507
IN208,99.00,percentual,4,2023,OURO VELHO,2510600
IN208,85.00,percentual,4,2023,PATOS,2510808
IN208,78.00,percentual,5,2023,AREIA DE BARAÚNAS,2501153
IN208,94.75,percentual,5,2023,BOM SUCESSO,2502300
IN208,71.00,percentual,5,2023,CAMPINA GRANDE,2504009
IN208,94.00,percentual,5,2023,CAPIM,2504033
IN208,69.00,percentual,5,2023,JOÃO PESSOA,2507507
IN208,99.00,percentual,5,2023,OURO VELHO,2510600
IN208,93.00,percentual,5,2023,PATOS,2510808
IN208,99.00,percentual,6,2023,AREIA DE BARAÚNAS,2501153
IN208,94.75,percentual,6,2023,BOM SUCESSO,2502300
IN208,91.00,percentual,6,2023,CAMPINA GRANDE,2504009
IN208,95.00,percentual,6,2023,CAPIM,2504033
IN208,76.00,percentual,6,2023,JOÃO PESSOA,2507507
IN208,99.00,percentual,6,2023,OURO VELHO,2510600
IN208,97.00,percentual,6,2023,PATOS,2510808
IN208,99.00,percentual,7,2023,AREIA DE BARAÚNAS,2501153
IN208,98.00,percentual,7,2023,BOM SUCESSO,2502300
IN208,93.00,percentual,7,2023,CAMPINA GRANDE,2504009
IN208,94.00,percentual,7,2023,CAPIM,2504033
IN208,60.00,percentual,7,2023,JOÃO PESSOA,2507507
IN208,87.00,percentual,7,2023,OURO VELHO,2510600
IN208,97.00,percentual,7,2023,PATOS,2510808
IN208,73.00,percentual,8,2023,AREIA DE BARAÚNAS,2501153
IN208,94.70,percentual,8,2023,BOM SUCESSO,2502300
IN208,92.00,percentual,8,2023,CAMPINA GRANDE,2504009
IN208,96.00,percentual,8,2023,CAPIM,2504033
IN208,74.00,percentual,8,2023,JOÃO PESSOA,2507507
IN208,74.00,percentual,8,2023,OURO VELHO,2510600
IN208,97.00,percentual,8,2023,PATOS,2510808
IN208,99.00,percentual,9,2023,AREIA DE BARAÚNAS,2501153
IN208,94.75,percentual,9,2023,BOM SUCESSO,2502300
IN208,93.00,percentual,9,2023,CAMPINA GRANDE,2504009
IN208,82.00,percentual,9,2023,CAPIM,2504033
IN208,75.00,percentual,9,2023,JOÃO PESSOA,2507507
IN208,99.00,percentual,9,2023,OURO VELHO,2510600
IN208,98.00,percentual,9,2023,PATOS,2510808
IN208,99.00,percentual,10,2023,AREIA DE BARAÚNAS,2501153
IN208,95.00,percentual,10,2023,BOM SUCESSO,2502300
IN208,96.00,percentual,10,2023,CAMPINA GRANDE,2504009
IN208,96.00,percentual,10,2023,CAPIM,2504033
IN208,75.00,percentual,10,2023,JOÃO PESSOA,2507507
IN208,99.00,percentual,10,2023,OURO VELHO,2510600
IN208,99.00,percentual,10,2023,PATOS,2510808
IN208,99.00,percentual,11,2023,AREIA DE BARAÚNAS,2501153
IN208,97.50,percentual,11,2023,BOM SUCESSO,2502300
IN208,95.00,percentual,11,2023,CAMPINA GRANDE,2504009
IN208,87.00,percentual,11,2023,CAPIM,2504033
IN208,86.00,percentual,11,2023,JOÃO PESSOA,2507507
IN208,99.00,percentual,11,2023,OURO VELHO,2510600
IN208,96.00,percentual,11,2023,PATOS,2510808
IN208,93.00,percentual,12,2023,AREIA DE BARAÚNAS,2501153
IN208,96.00,percentual,12,2023,BOM SUCESSO,2502300
IN208,94.00,percentual,12,2023,CAMPINA GRANDE,2504009
IN208,99.00,percentual,12,2023,CAPIM,2504033
IN208,90.00,percentual,12,2023,JOÃO PESSOA,2507507
IN208,99.00,percentual,12,2023,OURO VELHO,2510600
IN208,99.00,percentual,12,2023,PATOS,2510808
IN208,99.00,percentual,,2023,AREIA DE BARAÚNAS,2501153
IN208,96.00,percentual,,2023,BOM SUCESSO,2502300
IN208,95.00,percentual,,2023,CAMPINA GRANDE,2504009
IN208,91.00,percentual,,2023,CAPIM,2504033
IN208,87.00,percentual,,2023,JOÃO PESSOA,2507507
IN208,99.00,percentual,,2023,OURO VELHO,2510600
IN208,97.00,percentual,,2023,PATOS,2510808
IN208,.00,percentual,1,2023,AREIA DE BARAÚNAS,2501153
IN208,.00,percentual,1,2023,BOM SUCESSO,2502300
IN208,.00,percentual,1,2023,CAMPINA GRANDE,2504009
IN208,.00,percentual,1,2023,CAPIM,2504033
IN208,72.66,percentual,1,2023,JOÃO PESSOA,2507507
IN208,.00,percentual,1,2023,OURO VELHO,2510600
IN208,.00,percentual,2,2023,PATOS,2510808
IN208,74.00,percentual,2,2024,AREIA DE BARAÚNAS,2501153
IN208,95.00,percentual,2,2024,BOM SUCESSO,2502300
IN208,95.00,percentual,2,2024,CAMPINA GRANDE,2504009
IN208,80.00,percentual,2,2024,CAPIM,2504033
IN208,99.00,percentual,2,2024,OURO VELHO,2510600
IN208,97.00,percentual,3,2024,PATOS,2510808
IN208,99.00,percentual,3,2024,AREIA DE BARAÚNAS,2501153
IN208,94.75,percentual,3,2024,BOM SUCESSO,2502300
IN208,97.00,percentual,3,2024,CAMPINA GRANDE,2504009
IN208,93.00,percentual,3,2024,CAPIM,2504033
IN208,91.00,percentual,3,2024,OURO VELHO,2510600
IN208,96.00,percentual,4,2024,PATOS,2510808
IN208,99.00,percentual,4,2024,AREIA DE BARAÚNAS,2501153
IN208,99.00,percentual,4,2024,BOM SUCESSO,2502300
IN208,93.00,percentual,4,2024,CAMPINA GRANDE,2504009
IN208,87.00,percentual,4,2024,CAPIM,2504033
IN208,99.00,percentual,4,2024,OURO VELHO,2510600
IN208,97.00,percentual,5,2024,PATOS,2510808
IN208,74.00,percentual,5,2024,AREIA DE BARAÚNAS,2501153
IN208,99.00,percentual,5,2024,BOM SUCESSO,2502300
IN208,94.00,percentual,5,2024,CAMPINA GRANDE,2504009
IN208,83.00,percentual,5,2024,CAPIM,2504033
IN208,99.00,percentual,5,2024,OURO VELHO,2510600
IN208,98.00,percentual,6,2024,PATOS,2510808
IN208,98.00,percentual,6,2024,AREIA DE BARAÚNAS,2501153
IN208,99.00,percentual,6,2024,BOM SUCESSO,2502300
IN208,96.00,percentual,6,2024,CAMPINA GRANDE,2504009
IN208,99.00,percentual,6,2024,CAPIM,2504033
IN208,85.00,percentual,6,2024,OURO VELHO,2510600
IN208,99.00,percentual,7,2024,PATOS,2510808
IN208,92.00,percentual,7,2024,AREIA DE BARAÚNAS,2501153
IN208,99.00,percentual,7,2024,BOM SUCESSO,2502300
IN208,95.00,percentual,7,2024,CAMPINA GRANDE,2504009
IN208,81.00,percentual,7,2024,CAPIM,2504033
IN208,74.00,percentual,7,2024,OURO VELHO,2510600
IN208,98.00,percentual,8,2024,PATOS,2510808
IN208,74.00,percentual,8,2024,AREIA DE BARAÚNAS,2501153
IN208,99.00,percentual,8,2024,BOM SUCESSO,2502300
IN208,97.00,percentual,8,2024,CAMPINA GRANDE,2504009
IN208,99.00,percentual,8,2024,CAPIM,2504033
IN208,74.00,percentual,8,2024,OURO VELHO,2510600
IN208,98.00,percentual,9,2024,PATOS,2510808
IN208,99.00,percentual,9,2024,AREIA DE BARAÚNAS,2501153
IN208,99.00,percentual,9,2024,BOM SUCESSO,2502300
IN208,96.00,percentual,9,2024,CAMPINA GRANDE,2504009
IN208,99.00,percentual,9,2024,CAPIM,2504033
IN208,74.00,percentual,9,2024,OURO VELHO,2510600
IN208,97.00,percentual,10,2024,PATOS,2510808
IN208,74.00,percentual,10,2024,AREIA DE BARAÚNAS,2501153
IN208,99.00,percentual,10,2024,BOM SUCESSO,2502300
IN208,96.00,percentual,10,2024,CAMPINA GRANDE,2504009
IN208,92.00,percentual,10,2024,CAPIM,2504033
IN208,99.00,percentual,10,2024,OURO VELHO,2510600
IN208,99.00,percentual,11,2024,PATOS,2510808
IN208,67.00,percentual,11,2024,AREIA DE BARAÚNAS,2501153
IN208,99.00,percentual,11,2024,BOM SUCESSO,2502300
IN208,93.00,percentual,,2024,CAMPINA GRANDE,2504009
IN208,99.00,percentual,,2024,CAPIM,2504033
IN208,99.00,percentual,,2024,OURO VELHO,2510600
IN208,98.00,percentual,,2024,PATOS,2510808
IN208,99.00,percentual,,2024,AREIA DE BARAÚNAS,2501153
IN208,99.00,percentual,,2024,BOM SUCESSO,2502300
IN208,97.00,percentual,,2024,PATOS,2510808
